Glue Stick, Adhesives
Hot Glue, Adhesives
Duct Tape, Adhesives
Craft Glue, Adhesives
Seed Beads, Jewelry
Fish Hook Earwires, Jewelry
Stretch Jewelry Cord, Jewelry
Alcohol Ink Markers, Drawing
Felt Tip Pens, Drawing
Colored Pencils, Drawing
Watercolor Paint, Painting
Acrylic Paint, Painting
Paint Brush, Painting
Canvas, Painting
Construction Paper, Paper
Watercolor Paper, Paper
Bristol Board, Paper
Sewing Kit, Sewing
Felt, Sewing
Embroidery Floss, Sewing
Needle, Sewing
Thread, Sewing